epoch,train_loss,val_loss
1,0.6928466832637787,0.6934842421458318
2,0.6925458025932312,0.6935022289936359
3,0.6924401879310608,0.6934691392458402
4,0.69231569647789,0.693384629029494
5,0.6921744918823243,0.6932171032978938
6,0.6918166148662567,0.6931382325979379
7,0.6916267538070678,0.6929998718775235
8,0.6911903882026672,0.6929588684668908
9,0.6909546744823456,0.6930341445482694
10,0.6905199778079987,0.693155627984267
